{"cameraMode":{"drawMode":0,"name":"Shaded","section":"Shading Mode"},"sceneLighting":true,"audioPlay":false,"sceneViewState":{"m_AlwaysRefresh":false,"showFog":true,"showSkybox":true,"showFlares":true,"showImageEffects":true,"showParticleSystems":true,"showVisualEffectGraphs":true,"m_FxEnabled":true},"in2DMode":false,"pivot":{"x":0.6704663038253784,"y":-0.20989404618740083,"z":-4.128134727478027},"rotation":{"x":0.15089713037014008,"y":0.01779286563396454,"z":-0.0027164830826222898,"w":0.9883872866630554},"size":4.59212064743042,"orthographic":false}