{"cameraMode":{"drawMode":0,"name":"Shaded","section":"Shading Mode"},"sceneLighting":true,"audioPlay":false,"sceneViewState":{"m_AlwaysRefresh":false,"showFog":true,"showSkybox":true,"showFlares":true,"showImageEffects":true,"showParticleSystems":true,"showVisualEffectGraphs":true,"m_FxEnabled":true},"in2DMode":false,"pivot":{"x":260.3252258300781,"y":215.56723022460938,"z":-62.901092529296878},"rotation":{"x":-0.01499350368976593,"y":0.02849315106868744,"z":0.0004269276396371424,"w":0.9994845986366272},"size":20.211280822753908,"orthographic":false}