{"cameraMode":{"drawMode":0,"name":"Shaded","section":"Shading Mode"},"sceneLighting":true,"audioPlay":false,"sceneViewState":{"m_AlwaysRefresh":false,"showFog":true,"showSkybox":true,"showFlares":true,"showImageEffects":true,"showParticleSystems":true,"showVisualEffectGraphs":true,"m_FxEnabled":true},"in2DMode":false,"pivot":{"x":70.11935424804688,"y":282.20404052734377,"z":-13.559928894042969},"rotation":{"x":-0.18481945991516114,"y":0.033898212015628818,"z":0.006378802936524153,"w":0.9821672439575195},"size":63.6461181640625,"orthographic":false}