{"cameraMode":{"drawMode":0,"name":"Shaded","section":"Shading Mode"},"sceneLighting":true,"audioPlay":false,"sceneViewState":{"m_AlwaysRefresh":false,"showFog":true,"showSkybox":true,"showFlares":true,"showImageEffects":true,"showParticleSystems":true,"showVisualEffectGraphs":true,"m_FxEnabled":true},"in2DMode":false,"pivot":{"x":-1.9600000381469727,"y":1.100000023841858,"z":-163.14999389648438},"rotation":{"x":0.08228044956922531,"y":-0.05528246983885765,"z":0.004576019011437893,"w":0.9950799345970154},"size":0.43301278352737429,"orthographic":false}